id,policy,truth,action,questions,info_cost,decision_cost,correct,p_stemi
0,P0_dismiss,artifact,DISMISS,0,0.0,0.0,True,0.07
1,P0_dismiss,hyperventilation,DISMISS,0,0.0,0.0,True,0.07
2,P0_dismiss,artifact,DISMISS,0,0.0,0.0,True,0.07
3,P0_dismiss,artifact,DISMISS,0,0.0,0.0,True,0.07
4,P0_dismiss,hyperventilation,DISMISS,0,0.0,0.0,True,0.07
5,P0_dismiss,artifact,DISMISS,0,0.0,0.0,True,0.07
6,P0_dismiss,hyperventilation,DISMISS,0,0.0,0.0,True,0.07
7,P0_dismiss,artifact,DISMISS,0,0.0,0.0,True,0.07
8,P0_dismiss,hyperventilation,DISMISS,0,0.0,0.0,True,0.07
9,P0_dismiss,artifact,DISMISS,0,0.0,0.0,True,0.07
10,P0_dismiss,artifact,DISMISS,0,0.0,0.0,True,0.07
11,P0_dismiss,artifact,DISMISS,0,0.0,0.0,True,0.07
12,P0_dismiss,hyperventilation,DISMISS,0,0.0,0.0,True,0.07
13,P0_dismiss,hyperventilation,DISMISS,0,0.0,0.0,True,0.07
14,P0_dismiss,artifact,DISMISS,0,0.0,0.0,True,0.07
15,P0_dismiss,artifact,DISMISS,0,0.0,0.0,True,0.07
16,P0_dismiss,artifact,DISMISS,0,0.0,0.0,True,0.07
17,P0_dismiss,artifact,DISMISS,0,0.0,0.0,True,0.07
18,P0_dismiss,artifact,DISMISS,0,0.0,0.0,True,0.07
19,P0_dismiss,artifact,DISMISS,0,0.0,0.0,True,0.07
20,P0_dismiss,stemi,DISMISS,0,0.0,500000,False,0.07
21,P0_dismiss,artifact,DISMISS,0,0.0,0.0,True,0.07
22,P0_dismiss,hyperventilation,DISMISS,0,0.0,0.0,True,0.07
23,P0_dismiss,hyperventilation,DISMISS,0,0.0,0.0,True,0.07
24,P0_dismiss,hyperventilation,DISMISS,0,0.0,0.0,True,0.07
25,P0_dismiss,artifact,DISMISS,0,0.0,0.0,True,0.07
26,P0_dismiss,artifact,DISMISS,0,0.0,0.0,True,0.07
27,P0_dismiss,artifact,DISMISS,0,0.0,0.0,True,0.07
28,P0_dismiss,artifact,DISMISS,0,0.0,0.0,True,0.07
29,P0_dismiss,artifact,DISMISS,0,0.0,0.0,True,0.07
30,P0_dismiss,hyperventilation,DISMISS,0,0.0,0.0,True,0.07
31,P0_dismiss,artifact,DISMISS,0,0.0,0.0,True,0.07
32,P0_dismiss,artifact,DISMISS,0,0.0,0.0,True,0.07
33,P0_dismiss,artifact,DISMISS,0,0.0,0.0,True,0.07
34,P0_dismiss,hyperventilation,DISMISS,0,0.0,0.0,True,0.07
35,P0_dismiss,artifact,DISMISS,0,0.0,0.0,True,0.07
36,P0_dismiss,hyperventilation,DISMISS,0,0.0,0.0,True,0.07
37,P0_dismiss,artifact,DISMISS,0,0.0,0.0,True,0.07
38,P0_dismiss,artifact,DISMISS,0,0.0,0.0,True,0.07
39,P0_dismiss,hyperventilation,DISMISS,0,0.0,0.0,True,0.07
40,P0_dismiss,hyperventilation,DISMISS,0,0.0,0.0,True,0.07
41,P0_dismiss,artifact,DISMISS,0,0.0,0.0,True,0.07
42,P0_dismiss,artifact,DISMISS,0,0.0,0.0,True,0.07
43,P0_dismiss,hyperventilation,DISMISS,0,0.0,0.0,True,0.07
44,P0_dismiss,hyperventilation,DISMISS,0,0.0,0.0,True,0.07
45,P0_dismiss,artifact,DISMISS,0,0.0,0.0,True,0.07
46,P0_dismiss,artifact,DISMISS,0,0.0,0.0,True,0.07
47,P0_dismiss,artifact,DISMISS,0,0.0,0.0,True,0.07
48,P0_dismiss,artifact,DISMISS,0,0.0,0.0,True,0.07
49,P0_dismiss,hyperventilation,DISMISS,0,0.0,0.0,True,0.07
50,P0_dismiss,artifact,DISMISS,0,0.0,0.0,True,0.07
51,P0_dismiss,hyperventilation,DISMISS,0,0.0,0.0,True,0.07
52,P0_dismiss,hyperventilation,DISMISS,0,0.0,0.0,True,0.07
53,P0_dismiss,hyperventilation,DISMISS,0,0.0,0.0,True,0.07
54,P0_dismiss,hyperventilation,DISMISS,0,0.0,0.0,True,0.07
55,P0_dismiss,artifact,DISMISS,0,0.0,0.0,True,0.07
56,P0_dismiss,hyperventilation,DISMISS,0,0.0,0.0,True,0.07
57,P0_dismiss,hyperventilation,DISMISS,0,0.0,0.0,True,0.07
58,P0_dismiss,stemi,DISMISS,0,0.0,500000,False,0.07
59,P0_dismiss,artifact,DISMISS,0,0.0,0.0,True,0.07
60,P0_dismiss,hyperventilation,DISMISS,0,0.0,0.0,True,0.07
61,P0_dismiss,artifact,DISMISS,0,0.0,0.0,True,0.07
62,P0_dismiss,hyperventilation,DISMISS,0,0.0,0.0,True,0.07
63,P0_dismiss,hyperventilation,DISMISS,0,0.0,0.0,True,0.07
64,P0_dismiss,hyperventilation,DISMISS,0,0.0,0.0,True,0.07
65,P0_dismiss,hyperventilation,DISMISS,0,0.0,0.0,True,0.07
66,P0_dismiss,hyperventilation,DISMISS,0,0.0,0.0,True,0.07
67,P0_dismiss,hyperventilation,DISMISS,0,0.0,0.0,True,0.07
68,P0_dismiss,hyperventilation,DISMISS,0,0.0,0.0,True,0.07
69,P0_dismiss,hyperventilation,DISMISS,0,0.0,0.0,True,0.07
70,P0_dismiss,hyperventilation,DISMISS,0,0.0,0.0,True,0.07
71,P0_dismiss,artifact,DISMISS,0,0.0,0.0,True,0.07
72,P0_dismiss,hyperventilation,DISMISS,0,0.0,0.0,True,0.07
73,P0_dismiss,artifact,DISMISS,0,0.0,0.0,True,0.07
74,P0_dismiss,artifact,DISMISS,0,0.0,0.0,True,0.07
75,P0_dismiss,stemi,DISMISS,0,0.0,500000,False,0.07
76,P0_dismiss,hyperventilation,DISMISS,0,0.0,0.0,True,0.07
77,P0_dismiss,artifact,DISMISS,0,0.0,0.0,True,0.07
78,P0_dismiss,hyperventilation,DISMISS,0,0.0,0.0,True,0.07
79,P0_dismiss,artifact,DISMISS,0,0.0,0.0,True,0.07
80,P0_dismiss,artifact,DISMISS,0,0.0,0.0,True,0.07
81,P0_dismiss,artifact,DISMISS,0,0.0,0.0,True,0.07
82,P0_dismiss,hyperventilation,DISMISS,0,0.0,0.0,True,0.07
83,P0_dismiss,stemi,DISMISS,0,0.0,500000,False,0.07
84,P0_dismiss,artifact,DISMISS,0,0.0,0.0,True,0.07
85,P0_dismiss,artifact,DISMISS,0,0.0,0.0,True,0.07
86,P0_dismiss,artifact,DISMISS,0,0.0,0.0,True,0.07
87,P0_dismiss,stemi,DISMISS,0,0.0,500000,False,0.07
88,P0_dismiss,artifact,DISMISS,0,0.0,0.0,True,0.07
89,P0_dismiss,artifact,DISMISS,0,0.0,0.0,True,0.07
90,P0_dismiss,hyperventilation,DISMISS,0,0.0,0.0,True,0.07
91,P0_dismiss,artifact,DISMISS,0,0.0,0.0,True,0.07
92,P0_dismiss,artifact,DISMISS,0,0.0,0.0,True,0.07
93,P0_dismiss,artifact,DISMISS,0,0.0,0.0,True,0.07
94,P0_dismiss,artifact,DISMISS,0,0.0,0.0,True,0.07
95,P0_dismiss,hyperventilation,DISMISS,0,0.0,0.0,True,0.07
96,P0_dismiss,artifact,DISMISS,0,0.0,0.0,True,0.07
97,P0_dismiss,hyperventilation,DISMISS,0,0.0,0.0,True,0.07
98,P0_dismiss,artifact,DISMISS,0,0.0,0.0,True,0.07
99,P0_dismiss,hyperventilation,DISMISS,0,0.0,0.0,True,0.07
100,P0_dismiss,artifact,DISMISS,0,0.0,0.0,True,0.07
101,P0_dismiss,artifact,DISMISS,0,0.0,0.0,True,0.07
102,P0_dismiss,artifact,DISMISS,0,0.0,0.0,True,0.07
103,P0_dismiss,hyperventilation,DISMISS,0,0.0,0.0,True,0.07
104,P0_dismiss,hyperventilation,DISMISS,0,0.0,0.0,True,0.07
105,P0_dismiss,hyperventilation,DISMISS,0,0.0,0.0,True,0.07
106,P0_dismiss,artifact,DISMISS,0,0.0,0.0,True,0.07
107,P0_dismiss,hyperventilation,DISMISS,0,0.0,0.0,True,0.07
108,P0_dismiss,hyperventilation,DISMISS,0,0.0,0.0,True,0.07
109,P0_dismiss,hyperventilation,DISMISS,0,0.0,0.0,True,0.07
110,P0_dismiss,hyperventilation,DISMISS,0,0.0,0.0,True,0.07
111,P0_dismiss,artifact,DISMISS,0,0.0,0.0,True,0.07
112,P0_dismiss,artifact,DISMISS,0,0.0,0.0,True,0.07
113,P0_dismiss,hyperventilation,DISMISS,0,0.0,0.0,True,0.07
114,P0_dismiss,hyperventilation,DISMISS,0,0.0,0.0,True,0.07
115,P0_dismiss,hyperventilation,DISMISS,0,0.0,0.0,True,0.07
116,P0_dismiss,artifact,DISMISS,0,0.0,0.0,True,0.07
117,P0_dismiss,artifact,DISMISS,0,0.0,0.0,True,0.07
118,P0_dismiss,hyperventilation,DISMISS,0,0.0,0.0,True,0.07
119,P0_dismiss,hyperventilation,DISMISS,0,0.0,0.0,True,0.07
120,P0_dismiss,artifact,DISMISS,0,0.0,0.0,True,0.07
121,P0_dismiss,artifact,DISMISS,0,0.0,0.0,True,0.07
122,P0_dismiss,hyperventilation,DISMISS,0,0.0,0.0,True,0.07
123,P0_dismiss,artifact,DISMISS,0,0.0,0.0,True,0.07
124,P0_dismiss,artifact,DISMISS,0,0.0,0.0,True,0.07
125,P0_dismiss,hyperventilation,DISMISS,0,0.0,0.0,True,0.07
126,P0_dismiss,hyperventilation,DISMISS,0,0.0,0.0,True,0.07
127,P0_dismiss,artifact,DISMISS,0,0.0,0.0,True,0.07
128,P0_dismiss,hyperventilation,DISMISS,0,0.0,0.0,True,0.07
129,P0_dismiss,artifact,DISMISS,0,0.0,0.0,True,0.07
130,P0_dismiss,artifact,DISMISS,0,0.0,0.0,True,0.07
131,P0_dismiss,artifact,DISMISS,0,0.0,0.0,True,0.07
132,P0_dismiss,artifact,DISMISS,0,0.0,0.0,True,0.07
133,P0_dismiss,artifact,DISMISS,0,0.0,0.0,True,0.07
134,P0_dismiss,artifact,DISMISS,0,0.0,0.0,True,0.07
135,P0_dismiss,artifact,DISMISS,0,0.0,0.0,True,0.07
136,P0_dismiss,artifact,DISMISS,0,0.0,0.0,True,0.07
137,P0_dismiss,artifact,DISMISS,0,0.0,0.0,True,0.07
138,P0_dismiss,hyperventilation,DISMISS,0,0.0,0.0,True,0.07
139,P0_dismiss,artifact,DISMISS,0,0.0,0.0,True,0.07
140,P0_dismiss,artifact,DISMISS,0,0.0,0.0,True,0.07
141,P0_dismiss,artifact,DISMISS,0,0.0,0.0,True,0.07
142,P0_dismiss,hyperventilation,DISMISS,0,0.0,0.0,True,0.07
143,P0_dismiss,artifact,DISMISS,0,0.0,0.0,True,0.07
144,P0_dismiss,artifact,DISMISS,0,0.0,0.0,True,0.07
145,P0_dismiss,hyperventilation,DISMISS,0,0.0,0.0,True,0.07
146,P0_dismiss,artifact,DISMISS,0,0.0,0.0,True,0.07
147,P0_dismiss,artifact,DISMISS,0,0.0,0.0,True,0.07
148,P0_dismiss,hyperventilation,DISMISS,0,0.0,0.0,True,0.07
149,P0_dismiss,hyperventilation,DISMISS,0,0.0,0.0,True,0.07
0,P0_alarm,artifact,ESCALATE,0,0.0,200,False,0.07
1,P0_alarm,hyperventilation,ESCALATE,0,0.0,200,False,0.07
2,P0_alarm,artifact,ESCALATE,0,0.0,200,False,0.07
3,P0_alarm,artifact,ESCALATE,0,0.0,200,False,0.07
4,P0_alarm,hyperventilation,ESCALATE,0,0.0,200,False,0.07
5,P0_alarm,artifact,ESCALATE,0,0.0,200,False,0.07
6,P0_alarm,hyperventilation,ESCALATE,0,0.0,200,False,0.07
7,P0_alarm,artifact,ESCALATE,0,0.0,200,False,0.07
8,P0_alarm,hyperventilation,ESCALATE,0,0.0,200,False,0.07
9,P0_alarm,artifact,ESCALATE,0,0.0,200,False,0.07
10,P0_alarm,artifact,ESCALATE,0,0.0,200,False,0.07
11,P0_alarm,artifact,ESCALATE,0,0.0,200,False,0.07
12,P0_alarm,hyperventilation,ESCALATE,0,0.0,200,False,0.07
13,P0_alarm,hyperventilation,ESCALATE,0,0.0,200,False,0.07
14,P0_alarm,artifact,ESCALATE,0,0.0,200,False,0.07
15,P0_alarm,artifact,ESCALATE,0,0.0,200,False,0.07
16,P0_alarm,artifact,ESCALATE,0,0.0,200,False,0.07
17,P0_alarm,artifact,ESCALATE,0,0.0,200,False,0.07
18,P0_alarm,artifact,ESCALATE,0,0.0,200,False,0.07
19,P0_alarm,artifact,ESCALATE,0,0.0,200,False,0.07
20,P0_alarm,stemi,ESCALATE,0,0.0,0.0,True,0.07
21,P0_alarm,artifact,ESCALATE,0,0.0,200,False,0.07
22,P0_alarm,hyperventilation,ESCALATE,0,0.0,200,False,0.07
23,P0_alarm,hyperventilation,ESCALATE,0,0.0,200,False,0.07
24,P0_alarm,hyperventilation,ESCALATE,0,0.0,200,False,0.07
25,P0_alarm,artifact,ESCALATE,0,0.0,200,False,0.07
26,P0_alarm,artifact,ESCALATE,0,0.0,200,False,0.07
27,P0_alarm,artifact,ESCALATE,0,0.0,200,False,0.07
28,P0_alarm,artifact,ESCALATE,0,0.0,200,False,0.07
29,P0_alarm,artifact,ESCALATE,0,0.0,200,False,0.07
30,P0_alarm,hyperventilation,ESCALATE,0,0.0,200,False,0.07
31,P0_alarm,artifact,ESCALATE,0,0.0,200,False,0.07
32,P0_alarm,artifact,ESCALATE,0,0.0,200,False,0.07
33,P0_alarm,artifact,ESCALATE,0,0.0,200,False,0.07
34,P0_alarm,hyperventilation,ESCALATE,0,0.0,200,False,0.07
35,P0_alarm,artifact,ESCALATE,0,0.0,200,False,0.07
36,P0_alarm,hyperventilation,ESCALATE,0,0.0,200,False,0.07
37,P0_alarm,artifact,ESCALATE,0,0.0,200,False,0.07
38,P0_alarm,artifact,ESCALATE,0,0.0,200,False,0.07
39,P0_alarm,hyperventilation,ESCALATE,0,0.0,200,False,0.07
40,P0_alarm,hyperventilation,ESCALATE,0,0.0,200,False,0.07
41,P0_alarm,artifact,ESCALATE,0,0.0,200,False,0.07
42,P0_alarm,artifact,ESCALATE,0,0.0,200,False,0.07
43,P0_alarm,hyperventilation,ESCALATE,0,0.0,200,False,0.07
44,P0_alarm,hyperventilation,ESCALATE,0,0.0,200,False,0.07
45,P0_alarm,artifact,ESCALATE,0,0.0,200,False,0.07
46,P0_alarm,artifact,ESCALATE,0,0.0,200,False,0.07
47,P0_alarm,artifact,ESCALATE,0,0.0,200,False,0.07
48,P0_alarm,artifact,ESCALATE,0,0.0,200,False,0.07
49,P0_alarm,hyperventilation,ESCALATE,0,0.0,200,False,0.07
50,P0_alarm,artifact,ESCALATE,0,0.0,200,False,0.07
51,P0_alarm,hyperventilation,ESCALATE,0,0.0,200,False,0.07
52,P0_alarm,hyperventilation,ESCALATE,0,0.0,200,False,0.07
53,P0_alarm,hyperventilation,ESCALATE,0,0.0,200,False,0.07
54,P0_alarm,hyperventilation,ESCALATE,0,0.0,200,False,0.07
55,P0_alarm,artifact,ESCALATE,0,0.0,200,False,0.07
56,P0_alarm,hyperventilation,ESCALATE,0,0.0,200,False,0.07
57,P0_alarm,hyperventilation,ESCALATE,0,0.0,200,False,0.07
58,P0_alarm,stemi,ESCALATE,0,0.0,0.0,True,0.07
59,P0_alarm,artifact,ESCALATE,0,0.0,200,False,0.07
60,P0_alarm,hyperventilation,ESCALATE,0,0.0,200,False,0.07
61,P0_alarm,artifact,ESCALATE,0,0.0,200,False,0.07
62,P0_alarm,hyperventilation,ESCALATE,0,0.0,200,False,0.07
63,P0_alarm,hyperventilation,ESCALATE,0,0.0,200,False,0.07
64,P0_alarm,hyperventilation,ESCALATE,0,0.0,200,False,0.07
65,P0_alarm,hyperventilation,ESCALATE,0,0.0,200,False,0.07
66,P0_alarm,hyperventilation,ESCALATE,0,0.0,200,False,0.07
67,P0_alarm,hyperventilation,ESCALATE,0,0.0,200,False,0.07
68,P0_alarm,hyperventilation,ESCALATE,0,0.0,200,False,0.07
69,P0_alarm,hyperventilation,ESCALATE,0,0.0,200,False,0.07
70,P0_alarm,hyperventilation,ESCALATE,0,0.0,200,False,0.07
71,P0_alarm,artifact,ESCALATE,0,0.0,200,False,0.07
72,P0_alarm,hyperventilation,ESCALATE,0,0.0,200,False,0.07
73,P0_alarm,artifact,ESCALATE,0,0.0,200,False,0.07
74,P0_alarm,artifact,ESCALATE,0,0.0,200,False,0.07
75,P0_alarm,stemi,ESCALATE,0,0.0,0.0,True,0.07
76,P0_alarm,hyperventilation,ESCALATE,0,0.0,200,False,0.07
77,P0_alarm,artifact,ESCALATE,0,0.0,200,False,0.07
78,P0_alarm,hyperventilation,ESCALATE,0,0.0,200,False,0.07
79,P0_alarm,artifact,ESCALATE,0,0.0,200,False,0.07
80,P0_alarm,artifact,ESCALATE,0,0.0,200,False,0.07
81,P0_alarm,artifact,ESCALATE,0,0.0,200,False,0.07
82,P0_alarm,hyperventilation,ESCALATE,0,0.0,200,False,0.07
83,P0_alarm,stemi,ESCALATE,0,0.0,0.0,True,0.07
84,P0_alarm,artifact,ESCALATE,0,0.0,200,False,0.07
85,P0_alarm,artifact,ESCALATE,0,0.0,200,False,0.07
86,P0_alarm,artifact,ESCALATE,0,0.0,200,False,0.07
87,P0_alarm,stemi,ESCALATE,0,0.0,0.0,True,0.07
88,P0_alarm,artifact,ESCALATE,0,0.0,200,False,0.07
89,P0_alarm,artifact,ESCALATE,0,0.0,200,False,0.07
90,P0_alarm,hyperventilation,ESCALATE,0,0.0,200,False,0.07
91,P0_alarm,artifact,ESCALATE,0,0.0,200,False,0.07
92,P0_alarm,artifact,ESCALATE,0,0.0,200,False,0.07
93,P0_alarm,artifact,ESCALATE,0,0.0,200,False,0.07
94,P0_alarm,artifact,ESCALATE,0,0.0,200,False,0.07
95,P0_alarm,hyperventilation,ESCALATE,0,0.0,200,False,0.07
96,P0_alarm,artifact,ESCALATE,0,0.0,200,False,0.07
97,P0_alarm,hyperventilation,ESCALATE,0,0.0,200,False,0.07
98,P0_alarm,artifact,ESCALATE,0,0.0,200,False,0.07
99,P0_alarm,hyperventilation,ESCALATE,0,0.0,200,False,0.07
100,P0_alarm,artifact,ESCALATE,0,0.0,200,False,0.07
101,P0_alarm,artifact,ESCALATE,0,0.0,200,False,0.07
102,P0_alarm,artifact,ESCALATE,0,0.0,200,False,0.07
103,P0_alarm,hyperventilation,ESCALATE,0,0.0,200,False,0.07
104,P0_alarm,hyperventilation,ESCALATE,0,0.0,200,False,0.07
105,P0_alarm,hyperventilation,ESCALATE,0,0.0,200,False,0.07
106,P0_alarm,artifact,ESCALATE,0,0.0,200,False,0.07
107,P0_alarm,hyperventilation,ESCALATE,0,0.0,200,False,0.07
108,P0_alarm,hyperventilation,ESCALATE,0,0.0,200,False,0.07
109,P0_alarm,hyperventilation,ESCALATE,0,0.0,200,False,0.07
110,P0_alarm,hyperventilation,ESCALATE,0,0.0,200,False,0.07
111,P0_alarm,artifact,ESCALATE,0,0.0,200,False,0.07
112,P0_alarm,artifact,ESCALATE,0,0.0,200,False,0.07
113,P0_alarm,hyperventilation,ESCALATE,0,0.0,200,False,0.07
114,P0_alarm,hyperventilation,ESCALATE,0,0.0,200,False,0.07
115,P0_alarm,hyperventilation,ESCALATE,0,0.0,200,False,0.07
116,P0_alarm,artifact,ESCALATE,0,0.0,200,False,0.07
117,P0_alarm,artifact,ESCALATE,0,0.0,200,False,0.07
118,P0_alarm,hyperventilation,ESCALATE,0,0.0,200,False,0.07
119,P0_alarm,hyperventilation,ESCALATE,0,0.0,200,False,0.07
120,P0_alarm,artifact,ESCALATE,0,0.0,200,False,0.07
121,P0_alarm,artifact,ESCALATE,0,0.0,200,False,0.07
122,P0_alarm,hyperventilation,ESCALATE,0,0.0,200,False,0.07
123,P0_alarm,artifact,ESCALATE,0,0.0,200,False,0.07
124,P0_alarm,artifact,ESCALATE,0,0.0,200,False,0.07
125,P0_alarm,hyperventilation,ESCALATE,0,0.0,200,False,0.07
126,P0_alarm,hyperventilation,ESCALATE,0,0.0,200,False,0.07
127,P0_alarm,artifact,ESCALATE,0,0.0,200,False,0.07
128,P0_alarm,hyperventilation,ESCALATE,0,0.0,200,False,0.07
129,P0_alarm,artifact,ESCALATE,0,0.0,200,False,0.07
130,P0_alarm,artifact,ESCALATE,0,0.0,200,False,0.07
131,P0_alarm,artifact,ESCALATE,0,0.0,200,False,0.07
132,P0_alarm,artifact,ESCALATE,0,0.0,200,False,0.07
133,P0_alarm,artifact,ESCALATE,0,0.0,200,False,0.07
134,P0_alarm,artifact,ESCALATE,0,0.0,200,False,0.07
135,P0_alarm,artifact,ESCALATE,0,0.0,200,False,0.07
136,P0_alarm,artifact,ESCALATE,0,0.0,200,False,0.07
137,P0_alarm,artifact,ESCALATE,0,0.0,200,False,0.07
138,P0_alarm,hyperventilation,ESCALATE,0,0.0,200,False,0.07
139,P0_alarm,artifact,ESCALATE,0,0.0,200,False,0.07
140,P0_alarm,artifact,ESCALATE,0,0.0,200,False,0.07
141,P0_alarm,artifact,ESCALATE,0,0.0,200,False,0.07
142,P0_alarm,hyperventilation,ESCALATE,0,0.0,200,False,0.07
143,P0_alarm,artifact,ESCALATE,0,0.0,200,False,0.07
144,P0_alarm,artifact,ESCALATE,0,0.0,200,False,0.07
145,P0_alarm,hyperventilation,ESCALATE,0,0.0,200,False,0.07
146,P0_alarm,artifact,ESCALATE,0,0.0,200,False,0.07
147,P0_alarm,artifact,ESCALATE,0,0.0,200,False,0.07
148,P0_alarm,hyperventilation,ESCALATE,0,0.0,200,False,0.07
149,P0_alarm,hyperventilation,ESCALATE,0,0.0,200,False,0.07
0,P1_map,artifact,DISMISS,0,0.0,0.0,True,0.0019105846388995037
1,P1_map,hyperventilation,DISMISS,0,0.0,0.0,True,0.0017398869073510226
2,P1_map,artifact,DISMISS,0,0.0,0.0,True,3.196390818139062e-05
3,P1_map,artifact,DISMISS,0,0.0,0.0,True,4.232049309420241e-05
4,P1_map,hyperventilation,DISMISS,0,0.0,0.0,True,0.038929440389294405
5,P1_map,artifact,DISMISS,0,0.0,0.0,True,0.0019105846388995037
6,P1_map,hyperventilation,DISMISS,0,0.0,0.0,True,0.006299832660694951
7,P1_map,artifact,DISMISS,0,0.0,0.0,True,3.196390818139062e-05
8,P1_map,hyperventilation,DISMISS,0,0.0,0.0,True,0.03655352480417755
9,P1_map,artifact,DISMISS,0,0.0,0.0,True,0.0019105846388995037
10,P1_map,artifact,DISMISS,0,0.0,0.0,True,0.0022935779816513767
11,P1_map,artifact,DISMISS,0,0.0,0.0,True,3.196390818139062e-05
12,P1_map,hyperventilation,DISMISS,0,0.0,0.0,True,0.006299832660694951
13,P1_map,hyperventilation,DISMISS,0,0.0,0.0,True,0.03655352480417755
14,P1_map,artifact,DISMISS,0,0.0,0.0,True,3.196390818139062e-05
15,P1_map,artifact,DISMISS,0,0.0,0.0,True,4.232049309420241e-05
16,P1_map,artifact,DISMISS,0,0.0,0.0,True,3.196390818139062e-05
17,P1_map,artifact,DISMISS,0,0.0,0.0,True,4.232049309420241e-05
18,P1_map,artifact,DISMISS,0,0.0,0.0,True,4.232049309420241e-05
19,P1_map,artifact,DISMISS,0,0.0,0.0,True,0.0022935779816513767
20,P1_map,stemi,DISMISS,0,0.0,500000,False,0.07647661317855924
21,P1_map,artifact,DISMISS,0,0.0,0.0,True,3.196390818139062e-05
22,P1_map,hyperventilation,DISMISS,0,0.0,0.0,True,0.4442094130089899
23,P1_map,hyperventilation,DISMISS,0,0.0,0.0,True,0.07647661317855924
24,P1_map,hyperventilation,DISMISS,0,0.0,0.0,True,0.006299832660694951
25,P1_map,artifact,DISMISS,0,0.0,0.0,True,0.061791967044284246
26,P1_map,artifact,DISMISS,0,0.0,0.0,True,0.03655352480417755
27,P1_map,artifact,DISMISS,0,0.0,0.0,True,0.0024630541871921187
28,P1_map,artifact,DISMISS,0,0.0,0.0,True,3.196390818139062e-05
29,P1_map,artifact,DISMISS,0,0.0,0.0,True,4.232049309420241e-05
30,P1_map,hyperventilation,DISMISS,0,0.0,0.0,True,0.006299832660694951
31,P1_map,artifact,DISMISS,0,0.0,0.0,True,4.232049309420241e-05
32,P1_map,artifact,DISMISS,0,0.0,0.0,True,0.0022935779816513767
33,P1_map,artifact,DISMISS,0,0.0,0.0,True,4.232049309420241e-05
34,P1_map,hyperventilation,DISMISS,0,0.0,0.0,True,0.006299832660694951
35,P1_map,artifact,DISMISS,0,0.0,0.0,True,0.0019105846388995037
36,P1_map,hyperventilation,DISMISS,0,0.0,0.0,True,0.006299832660694951
37,P1_map,artifact,DISMISS,0,0.0,0.0,True,3.196390818139062e-05
38,P1_map,artifact,DISMISS,0,0.0,0.0,True,0.0022935779816513767
39,P1_map,hyperventilation,DISMISS,0,0.0,0.0,True,0.0017398869073510226
40,P1_map,hyperventilation,DISMISS,0,0.0,0.0,True,0.006299832660694951
41,P1_map,artifact,DISMISS,0,0.0,0.0,True,3.196390818139062e-05
42,P1_map,artifact,DISMISS,0,0.0,0.0,True,3.196390818139062e-05
43,P1_map,hyperventilation,DISMISS,0,0.0,0.0,True,0.006299832660694951
44,P1_map,hyperventilation,DISMISS,0,0.0,0.0,True,0.006299832660694951
45,P1_map,artifact,DISMISS,0,0.0,0.0,True,3.196390818139062e-05
46,P1_map,artifact,DISMISS,0,0.0,0.0,True,4.232049309420241e-05
47,P1_map,artifact,DISMISS,0,0.0,0.0,True,3.196390818139062e-05
48,P1_map,artifact,DISMISS,0,0.0,0.0,True,0.0017398869073510226
49,P1_map,hyperventilation,DISMISS,0,0.0,0.0,True,0.07647661317855924
50,P1_map,artifact,DISMISS,0,0.0,0.0,True,3.196390818139062e-05
51,P1_map,hyperventilation,DISMISS,0,0.0,0.0,True,0.10263929618768328
52,P1_map,hyperventilation,DISMISS,0,0.0,0.0,True,0.006299832660694951
53,P1_map,hyperventilation,DISMISS,0,0.0,0.0,True,0.006299832660694951
54,P1_map,hyperventilation,DISMISS,0,0.0,0.0,True,0.07647661317855924
55,P1_map,artifact,DISMISS,0,0.0,0.0,True,0.0019105846388995037
56,P1_map,hyperventilation,DISMISS,0,0.0,0.0,True,0.07647661317855924
57,P1_map,hyperventilation,DISMISS,0,0.0,0.0,True,0.0017398869073510226
58,P1_map,stemi,DISMISS,0,0.0,500000,False,0.4442094130089899
59,P1_map,artifact,DISMISS,0,0.0,0.0,True,3.196390818139062e-05
60,P1_map,hyperventilation,DISMISS,0,0.0,0.0,True,0.006299832660694951
61,P1_map,artifact,DISMISS,0,0.0,0.0,True,3.196390818139062e-05
62,P1_map,hyperventilation,DISMISS,0,0.0,0.0,True,0.03655352480417755
63,P1_map,hyperventilation,DISMISS,0,0.0,0.0,True,0.038929440389294405
64,P1_map,hyperventilation,DISMISS,0,0.0,0.0,True,0.006299832660694951
65,P1_map,hyperventilation,DISMISS,0,0.0,0.0,True,0.07647661317855924
66,P1_map,hyperventilation,DISMISS,0,0.0,0.0,True,0.07647661317855924
67,P1_map,hyperventilation,DISMISS,0,0.0,0.0,True,0.07647661317855924
68,P1_map,hyperventilation,DISMISS,0,0.0,0.0,True,0.03655352480417755
69,P1_map,hyperventilation,DISMISS,0,0.0,0.0,True,0.0017398869073510226
70,P1_map,hyperventilation,DISMISS,0,0.0,0.0,True,0.038929440389294405
71,P1_map,artifact,DISMISS,0,0.0,0.0,True,3.196390818139062e-05
72,P1_map,hyperventilation,DISMISS,0,0.0,0.0,True,0.07647661317855924
73,P1_map,artifact,DISMISS,0,0.0,0.0,True,3.196390818139062e-05
74,P1_map,artifact,DISMISS,0,0.0,0.0,True,3.196390818139062e-05
75,P1_map,stemi,DISMISS,0,0.0,500000,False,0.4442094130089899
76,P1_map,hyperventilation,DISMISS,0,0.0,0.0,True,0.07647661317855924
77,P1_map,artifact,DISMISS,0,0.0,0.0,True,0.0022935779816513767
78,P1_map,hyperventilation,DISMISS,0,0.0,0.0,True,0.0017398869073510226
79,P1_map,artifact,DISMISS,0,0.0,0.0,True,3.196390818139062e-05
80,P1_map,artifact,DISMISS,0,0.0,0.0,True,3.196390818139062e-05
81,P1_map,artifact,DISMISS,0,0.0,0.0,True,0.0019105846388995037
82,P1_map,hyperventilation,DISMISS,0,0.0,0.0,True,0.006299832660694951
83,P1_map,stemi,DISMISS,0,0.0,500000,False,0.07647661317855924
84,P1_map,artifact,DISMISS,0,0.0,0.0,True,3.196390818139062e-05
85,P1_map,artifact,DISMISS,0,0.0,0.0,True,3.196390818139062e-05
86,P1_map,artifact,DISMISS,0,0.0,0.0,True,0.0022935779816513767
87,P1_map,stemi,DISMISS,0,0.0,500000,False,0.4442094130089899
88,P1_map,artifact,DISMISS,0,0.0,0.0,True,0.0022935779816513767
89,P1_map,artifact,DISMISS,0,0.0,0.0,True,3.196390818139062e-05
90,P1_map,hyperventilation,DISMISS,0,0.0,0.0,True,0.006299832660694951
91,P1_map,artifact,DISMISS,0,0.0,0.0,True,4.232049309420241e-05
92,P1_map,artifact,DISMISS,0,0.0,0.0,True,3.196390818139062e-05
93,P1_map,artifact,DISMISS,0,0.0,0.0,True,4.232049309420241e-05
94,P1_map,artifact,DISMISS,0,0.0,0.0,True,3.196390818139062e-05
95,P1_map,hyperventilation,DISMISS,0,0.0,0.0,True,0.006299832660694951
96,P1_map,artifact,DISMISS,0,0.0,0.0,True,0.0019105846388995037
97,P1_map,hyperventilation,DISMISS,0,0.0,0.0,True,0.006299832660694951
98,P1_map,artifact,DISMISS,0,0.0,0.0,True,3.196390818139062e-05
99,P1_map,hyperventilation,DISMISS,0,0.0,0.0,True,0.0017398869073510226
100,P1_map,artifact,DISMISS,0,0.0,0.0,True,0.0024630541871921187
101,P1_map,artifact,DISMISS,0,0.0,0.0,True,3.196390818139062e-05
102,P1_map,artifact,DISMISS,0,0.0,0.0,True,3.196390818139062e-05
103,P1_map,hyperventilation,DISMISS,0,0.0,0.0,True,0.0024630541871921187
104,P1_map,hyperventilation,DISMISS,0,0.0,0.0,True,0.07647661317855924
105,P1_map,hyperventilation,DISMISS,0,0.0,0.0,True,4.232049309420241e-05
106,P1_map,artifact,DISMISS,0,0.0,0.0,True,3.196390818139062e-05
107,P1_map,hyperventilation,DISMISS,0,0.0,0.0,True,0.07647661317855924
108,P1_map,hyperventilation,DISMISS,0,0.0,0.0,True,4.232049309420241e-05
109,P1_map,hyperventilation,DISMISS,0,0.0,0.0,True,0.006299832660694951
110,P1_map,hyperventilation,DISMISS,0,0.0,0.0,True,0.0017398869073510226
111,P1_map,artifact,DISMISS,0,0.0,0.0,True,0.001138419629607042
112,P1_map,artifact,DISMISS,0,0.0,0.0,True,3.196390818139062e-05
113,P1_map,hyperventilation,DISMISS,0,0.0,0.0,True,0.07647661317855924
114,P1_map,hyperventilation,DISMISS,0,0.0,0.0,True,0.006299832660694951
115,P1_map,hyperventilation,DISMISS,0,0.0,0.0,True,0.006299832660694951
116,P1_map,artifact,DISMISS,0,0.0,0.0,True,3.196390818139062e-05
117,P1_map,artifact,DISMISS,0,0.0,0.0,True,4.232049309420241e-05
118,P1_map,hyperventilation,DISMISS,0,0.0,0.0,True,0.03655352480417755
119,P1_map,hyperventilation,DISMISS,0,0.0,0.0,True,3.196390818139062e-05
120,P1_map,artifact,DISMISS,0,0.0,0.0,True,3.196390818139062e-05
121,P1_map,artifact,DISMISS,0,0.0,0.0,True,4.232049309420241e-05
122,P1_map,hyperventilation,DISMISS,0,0.0,0.0,True,0.07647661317855924
123,P1_map,artifact,DISMISS,0,0.0,0.0,True,4.232049309420241e-05
124,P1_map,artifact,DISMISS,0,0.0,0.0,True,3.196390818139062e-05
125,P1_map,hyperventilation,DISMISS,0,0.0,0.0,True,0.03655352480417755
126,P1_map,hyperventilation,DISMISS,0,0.0,0.0,True,0.0017398869073510226
127,P1_map,artifact,DISMISS,0,0.0,0.0,True,4.232049309420241e-05
128,P1_map,hyperventilation,DISMISS,0,0.0,0.0,True,0.006299832660694951
129,P1_map,artifact,DISMISS,0,0.0,0.0,True,3.196390818139062e-05
130,P1_map,artifact,DISMISS,0,0.0,0.0,True,0.061791967044284246
131,P1_map,artifact,DISMISS,0,0.0,0.0,True,0.0024630541871921187
132,P1_map,artifact,DISMISS,0,0.0,0.0,True,0.001138419629607042
133,P1_map,artifact,DISMISS,0,0.0,0.0,True,3.196390818139062e-05
134,P1_map,artifact,DISMISS,0,0.0,0.0,True,0.001138419629607042
135,P1_map,artifact,DISMISS,0,0.0,0.0,True,0.0013300162095725545
136,P1_map,artifact,DISMISS,0,0.0,0.0,True,4.232049309420241e-05
137,P1_map,artifact,DISMISS,0,0.0,0.0,True,3.196390818139062e-05
138,P1_map,hyperventilation,DISMISS,0,0.0,0.0,True,0.006299832660694951
139,P1_map,artifact,DISMISS,0,0.0,0.0,True,0.001138419629607042
140,P1_map,artifact,DISMISS,0,0.0,0.0,True,4.232049309420241e-05
141,P1_map,artifact,DISMISS,0,0.0,0.0,True,4.232049309420241e-05
142,P1_map,hyperventilation,DISMISS,0,0.0,0.0,True,0.006299832660694951
143,P1_map,artifact,DISMISS,0,0.0,0.0,True,0.0024630541871921187
144,P1_map,artifact,DISMISS,0,0.0,0.0,True,3.196390818139062e-05
145,P1_map,hyperventilation,DISMISS,0,0.0,0.0,True,4.232049309420241e-05
146,P1_map,artifact,DISMISS,0,0.0,0.0,True,0.001138419629607042
147,P1_map,artifact,DISMISS,0,0.0,0.0,True,4.232049309420241e-05
148,P1_map,hyperventilation,DISMISS,0,0.0,0.0,True,0.006299832660694951
149,P1_map,hyperventilation,DISMISS,0,0.0,0.0,True,0.006299832660694951
0,P2_threshold,artifact,ESCALATE,0,0.0,200,False,0.0019105846388995037
1,P2_threshold,hyperventilation,ESCALATE,0,0.0,200,False,0.0017398869073510226
2,P2_threshold,artifact,DISMISS,0,0.0,0.0,True,3.196390818139062e-05
3,P2_threshold,artifact,DISMISS,0,0.0,0.0,True,4.232049309420241e-05
4,P2_threshold,hyperventilation,ESCALATE,0,0.0,200,False,0.038929440389294405
5,P2_threshold,artifact,ESCALATE,0,0.0,200,False,0.0019105846388995037
6,P2_threshold,hyperventilation,ESCALATE,0,0.0,200,False,0.006299832660694951
7,P2_threshold,artifact,DISMISS,0,0.0,0.0,True,3.196390818139062e-05
8,P2_threshold,hyperventilation,ESCALATE,0,0.0,200,False,0.03655352480417755
9,P2_threshold,artifact,ESCALATE,0,0.0,200,False,0.0019105846388995037
10,P2_threshold,artifact,ESCALATE,0,0.0,200,False,0.0022935779816513767
11,P2_threshold,artifact,DISMISS,0,0.0,0.0,True,3.196390818139062e-05
12,P2_threshold,hyperventilation,ESCALATE,0,0.0,200,False,0.006299832660694951
13,P2_threshold,hyperventilation,ESCALATE,0,0.0,200,False,0.03655352480417755
14,P2_threshold,artifact,DISMISS,0,0.0,0.0,True,3.196390818139062e-05
15,P2_threshold,artifact,DISMISS,0,0.0,0.0,True,4.232049309420241e-05
16,P2_threshold,artifact,DISMISS,0,0.0,0.0,True,3.196390818139062e-05
17,P2_threshold,artifact,DISMISS,0,0.0,0.0,True,4.232049309420241e-05
18,P2_threshold,artifact,DISMISS,0,0.0,0.0,True,4.232049309420241e-05
19,P2_threshold,artifact,ESCALATE,0,0.0,200,False,0.0022935779816513767
20,P2_threshold,stemi,ESCALATE,0,0.0,0.0,True,0.07647661317855924
21,P2_threshold,artifact,DISMISS,0,0.0,0.0,True,3.196390818139062e-05
22,P2_threshold,hyperventilation,ESCALATE,0,0.0,200,False,0.4442094130089899
23,P2_threshold,hyperventilation,ESCALATE,0,0.0,200,False,0.07647661317855924
24,P2_threshold,hyperventilation,ESCALATE,0,0.0,200,False,0.006299832660694951
25,P2_threshold,artifact,ESCALATE,0,0.0,200,False,0.061791967044284246
26,P2_threshold,artifact,ESCALATE,0,0.0,200,False,0.03655352480417755
27,P2_threshold,artifact,ESCALATE,0,0.0,200,False,0.0024630541871921187
28,P2_threshold,artifact,DISMISS,0,0.0,0.0,True,3.196390818139062e-05
29,P2_threshold,artifact,DISMISS,0,0.0,0.0,True,4.232049309420241e-05
30,P2_threshold,hyperventilation,ESCALATE,0,0.0,200,False,0.006299832660694951
31,P2_threshold,artifact,DISMISS,0,0.0,0.0,True,4.232049309420241e-05
32,P2_threshold,artifact,ESCALATE,0,0.0,200,False,0.0022935779816513767
33,P2_threshold,artifact,DISMISS,0,0.0,0.0,True,4.232049309420241e-05
34,P2_threshold,hyperventilation,ESCALATE,0,0.0,200,False,0.006299832660694951
35,P2_threshold,artifact,ESCALATE,0,0.0,200,False,0.0019105846388995037
36,P2_threshold,hyperventilation,ESCALATE,0,0.0,200,False,0.006299832660694951
37,P2_threshold,artifact,DISMISS,0,0.0,0.0,True,3.196390818139062e-05
38,P2_threshold,artifact,ESCALATE,0,0.0,200,False,0.0022935779816513767
39,P2_threshold,hyperventilation,ESCALATE,0,0.0,200,False,0.0017398869073510226
40,P2_threshold,hyperventilation,ESCALATE,0,0.0,200,False,0.006299832660694951
41,P2_threshold,artifact,DISMISS,0,0.0,0.0,True,3.196390818139062e-05
42,P2_threshold,artifact,DISMISS,0,0.0,0.0,True,3.196390818139062e-05
43,P2_threshold,hyperventilation,ESCALATE,0,0.0,200,False,0.006299832660694951
44,P2_threshold,hyperventilation,ESCALATE,0,0.0,200,False,0.006299832660694951
45,P2_threshold,artifact,DISMISS,0,0.0,0.0,True,3.196390818139062e-05
46,P2_threshold,artifact,DISMISS,0,0.0,0.0,True,4.232049309420241e-05
47,P2_threshold,artifact,DISMISS,0,0.0,0.0,True,3.196390818139062e-05
48,P2_threshold,artifact,ESCALATE,0,0.0,200,False,0.0017398869073510226
49,P2_threshold,hyperventilation,ESCALATE,0,0.0,200,False,0.07647661317855924
50,P2_threshold,artifact,DISMISS,0,0.0,0.0,True,3.196390818139062e-05
51,P2_threshold,hyperventilation,ESCALATE,0,0.0,200,False,0.10263929618768328
52,P2_threshold,hyperventilation,ESCALATE,0,0.0,200,False,0.006299832660694951
53,P2_threshold,hyperventilation,ESCALATE,0,0.0,200,False,0.006299832660694951
54,P2_threshold,hyperventilation,ESCALATE,0,0.0,200,False,0.07647661317855924
55,P2_threshold,artifact,ESCALATE,0,0.0,200,False,0.0019105846388995037
56,P2_threshold,hyperventilation,ESCALATE,0,0.0,200,False,0.07647661317855924
57,P2_threshold,hyperventilation,ESCALATE,0,0.0,200,False,0.0017398869073510226
58,P2_threshold,stemi,ESCALATE,0,0.0,0.0,True,0.4442094130089899
59,P2_threshold,artifact,DISMISS,0,0.0,0.0,True,3.196390818139062e-05
60,P2_threshold,hyperventilation,ESCALATE,0,0.0,200,False,0.006299832660694951
61,P2_threshold,artifact,DISMISS,0,0.0,0.0,True,3.196390818139062e-05
62,P2_threshold,hyperventilation,ESCALATE,0,0.0,200,False,0.03655352480417755
63,P2_threshold,hyperventilation,ESCALATE,0,0.0,200,False,0.038929440389294405
64,P2_threshold,hyperventilation,ESCALATE,0,0.0,200,False,0.006299832660694951
65,P2_threshold,hyperventilation,ESCALATE,0,0.0,200,False,0.07647661317855924
66,P2_threshold,hyperventilation,ESCALATE,0,0.0,200,False,0.07647661317855924
67,P2_threshold,hyperventilation,ESCALATE,0,0.0,200,False,0.07647661317855924
68,P2_threshold,hyperventilation,ESCALATE,0,0.0,200,False,0.03655352480417755
69,P2_threshold,hyperventilation,ESCALATE,0,0.0,200,False,0.0017398869073510226
70,P2_threshold,hyperventilation,ESCALATE,0,0.0,200,False,0.038929440389294405
71,P2_threshold,artifact,DISMISS,0,0.0,0.0,True,3.196390818139062e-05
72,P2_threshold,hyperventilation,ESCALATE,0,0.0,200,False,0.07647661317855924
73,P2_threshold,artifact,DISMISS,0,0.0,0.0,True,3.196390818139062e-05
74,P2_threshold,artifact,DISMISS,0,0.0,0.0,True,3.196390818139062e-05
75,P2_threshold,stemi,ESCALATE,0,0.0,0.0,True,0.4442094130089899
76,P2_threshold,hyperventilation,ESCALATE,0,0.0,200,False,0.07647661317855924
77,P2_threshold,artifact,ESCALATE,0,0.0,200,False,0.0022935779816513767
78,P2_threshold,hyperventilation,ESCALATE,0,0.0,200,False,0.0017398869073510226
79,P2_threshold,artifact,DISMISS,0,0.0,0.0,True,3.196390818139062e-05
80,P2_threshold,artifact,DISMISS,0,0.0,0.0,True,3.196390818139062e-05
81,P2_threshold,artifact,ESCALATE,0,0.0,200,False,0.0019105846388995037
82,P2_threshold,hyperventilation,ESCALATE,0,0.0,200,False,0.006299832660694951
83,P2_threshold,stemi,ESCALATE,0,0.0,0.0,True,0.07647661317855924
84,P2_threshold,artifact,DISMISS,0,0.0,0.0,True,3.196390818139062e-05
85,P2_threshold,artifact,DISMISS,0,0.0,0.0,True,3.196390818139062e-05
86,P2_threshold,artifact,ESCALATE,0,0.0,200,False,0.0022935779816513767
87,P2_threshold,stemi,ESCALATE,0,0.0,0.0,True,0.4442094130089899
88,P2_threshold,artifact,ESCALATE,0,0.0,200,False,0.0022935779816513767
89,P2_threshold,artifact,DISMISS,0,0.0,0.0,True,3.196390818139062e-05
90,P2_threshold,hyperventilation,ESCALATE,0,0.0,200,False,0.006299832660694951
91,P2_threshold,artifact,DISMISS,0,0.0,0.0,True,4.232049309420241e-05
92,P2_threshold,artifact,DISMISS,0,0.0,0.0,True,3.196390818139062e-05
93,P2_threshold,artifact,DISMISS,0,0.0,0.0,True,4.232049309420241e-05
94,P2_threshold,artifact,DISMISS,0,0.0,0.0,True,3.196390818139062e-05
95,P2_threshold,hyperventilation,ESCALATE,0,0.0,200,False,0.006299832660694951
96,P2_threshold,artifact,ESCALATE,0,0.0,200,False,0.0019105846388995037
97,P2_threshold,hyperventilation,ESCALATE,0,0.0,200,False,0.006299832660694951
98,P2_threshold,artifact,DISMISS,0,0.0,0.0,True,3.196390818139062e-05
99,P2_threshold,hyperventilation,ESCALATE,0,0.0,200,False,0.0017398869073510226
100,P2_threshold,artifact,ESCALATE,0,0.0,200,False,0.0024630541871921187
101,P2_threshold,artifact,DISMISS,0,0.0,0.0,True,3.196390818139062e-05
102,P2_threshold,artifact,DISMISS,0,0.0,0.0,True,3.196390818139062e-05
103,P2_threshold,hyperventilation,ESCALATE,0,0.0,200,False,0.0024630541871921187
104,P2_threshold,hyperventilation,ESCALATE,0,0.0,200,False,0.07647661317855924
105,P2_threshold,hyperventilation,DISMISS,0,0.0,0.0,True,4.232049309420241e-05
106,P2_threshold,artifact,DISMISS,0,0.0,0.0,True,3.196390818139062e-05
107,P2_threshold,hyperventilation,ESCALATE,0,0.0,200,False,0.07647661317855924
108,P2_threshold,hyperventilation,DISMISS,0,0.0,0.0,True,4.232049309420241e-05
109,P2_threshold,hyperventilation,ESCALATE,0,0.0,200,False,0.006299832660694951
110,P2_threshold,hyperventilation,ESCALATE,0,0.0,200,False,0.0017398869073510226
111,P2_threshold,artifact,ESCALATE,0,0.0,200,False,0.001138419629607042
112,P2_threshold,artifact,DISMISS,0,0.0,0.0,True,3.196390818139062e-05
113,P2_threshold,hyperventilation,ESCALATE,0,0.0,200,False,0.07647661317855924
114,P2_threshold,hyperventilation,ESCALATE,0,0.0,200,False,0.006299832660694951
115,P2_threshold,hyperventilation,ESCALATE,0,0.0,200,False,0.006299832660694951
116,P2_threshold,artifact,DISMISS,0,0.0,0.0,True,3.196390818139062e-05
117,P2_threshold,artifact,DISMISS,0,0.0,0.0,True,4.232049309420241e-05
118,P2_threshold,hyperventilation,ESCALATE,0,0.0,200,False,0.03655352480417755
119,P2_threshold,hyperventilation,DISMISS,0,0.0,0.0,True,3.196390818139062e-05
120,P2_threshold,artifact,DISMISS,0,0.0,0.0,True,3.196390818139062e-05
121,P2_threshold,artifact,DISMISS,0,0.0,0.0,True,4.232049309420241e-05
122,P2_threshold,hyperventilation,ESCALATE,0,0.0,200,False,0.07647661317855924
123,P2_threshold,artifact,DISMISS,0,0.0,0.0,True,4.232049309420241e-05
124,P2_threshold,artifact,DISMISS,0,0.0,0.0,True,3.196390818139062e-05
125,P2_threshold,hyperventilation,ESCALATE,0,0.0,200,False,0.03655352480417755
126,P2_threshold,hyperventilation,ESCALATE,0,0.0,200,False,0.0017398869073510226
127,P2_threshold,artifact,DISMISS,0,0.0,0.0,True,4.232049309420241e-05
128,P2_threshold,hyperventilation,ESCALATE,0,0.0,200,False,0.006299832660694951
129,P2_threshold,artifact,DISMISS,0,0.0,0.0,True,3.196390818139062e-05
130,P2_threshold,artifact,ESCALATE,0,0.0,200,False,0.061791967044284246
131,P2_threshold,artifact,ESCALATE,0,0.0,200,False,0.0024630541871921187
132,P2_threshold,artifact,ESCALATE,0,0.0,200,False,0.001138419629607042
133,P2_threshold,artifact,DISMISS,0,0.0,0.0,True,3.196390818139062e-05
134,P2_threshold,artifact,ESCALATE,0,0.0,200,False,0.001138419629607042
135,P2_threshold,artifact,ESCALATE,0,0.0,200,False,0.0013300162095725545
136,P2_threshold,artifact,DISMISS,0,0.0,0.0,True,4.232049309420241e-05
137,P2_threshold,artifact,DISMISS,0,0.0,0.0,True,3.196390818139062e-05
138,P2_threshold,hyperventilation,ESCALATE,0,0.0,200,False,0.006299832660694951
139,P2_threshold,artifact,ESCALATE,0,0.0,200,False,0.001138419629607042
140,P2_threshold,artifact,DISMISS,0,0.0,0.0,True,4.232049309420241e-05
141,P2_threshold,artifact,DISMISS,0,0.0,0.0,True,4.232049309420241e-05
142,P2_threshold,hyperventilation,ESCALATE,0,0.0,200,False,0.006299832660694951
143,P2_threshold,artifact,ESCALATE,0,0.0,200,False,0.0024630541871921187
144,P2_threshold,artifact,DISMISS,0,0.0,0.0,True,3.196390818139062e-05
145,P2_threshold,hyperventilation,DISMISS,0,0.0,0.0,True,4.232049309420241e-05
146,P2_threshold,artifact,ESCALATE,0,0.0,200,False,0.001138419629607042
147,P2_threshold,artifact,DISMISS,0,0.0,0.0,True,4.232049309420241e-05
148,P2_threshold,hyperventilation,ESCALATE,0,0.0,200,False,0.006299832660694951
149,P2_threshold,hyperventilation,ESCALATE,0,0.0,200,False,0.006299832660694951
0,P3_fatigue0,artifact,ESCALATE,0,0.0,200,False,0.07
1,P3_fatigue0,hyperventilation,ESCALATE,0,0.0,200,False,0.07
2,P3_fatigue0,artifact,ESCALATE,0,0.0,200,False,0.07
3,P3_fatigue0,artifact,ESCALATE,0,0.0,200,False,0.07
4,P3_fatigue0,hyperventilation,ESCALATE,0,0.0,200,False,0.07
5,P3_fatigue0,artifact,ESCALATE,0,0.0,200,False,0.07
6,P3_fatigue0,hyperventilation,ESCALATE,0,0.0,200,False,0.07
7,P3_fatigue0,artifact,ESCALATE,0,0.0,200,False,0.07
8,P3_fatigue0,hyperventilation,ESCALATE,0,0.0,200,False,0.07
9,P3_fatigue0,artifact,ESCALATE,0,0.0,200,False,0.07
10,P3_fatigue0,artifact,ESCALATE,0,0.0,200,False,0.07
11,P3_fatigue0,artifact,ESCALATE,0,0.0,200,False,0.07
12,P3_fatigue0,hyperventilation,ESCALATE,0,0.0,200,False,0.07
13,P3_fatigue0,hyperventilation,ESCALATE,0,0.0,200,False,0.07
14,P3_fatigue0,artifact,ESCALATE,0,0.0,200,False,0.07
15,P3_fatigue0,artifact,ESCALATE,0,0.0,200,False,0.07
16,P3_fatigue0,artifact,ESCALATE,0,0.0,200,False,0.07
17,P3_fatigue0,artifact,ESCALATE,0,0.0,200,False,0.07
18,P3_fatigue0,artifact,ESCALATE,0,0.0,200,False,0.07
19,P3_fatigue0,artifact,ESCALATE,0,0.0,200,False,0.07
20,P3_fatigue0,stemi,ESCALATE,0,0.0,0.0,True,0.07
21,P3_fatigue0,artifact,ESCALATE,0,0.0,200,False,0.07
22,P3_fatigue0,hyperventilation,ESCALATE,0,0.0,200,False,0.07
23,P3_fatigue0,hyperventilation,ESCALATE,0,0.0,200,False,0.07
24,P3_fatigue0,hyperventilation,ESCALATE,0,0.0,200,False,0.07
25,P3_fatigue0,artifact,ESCALATE,0,0.0,200,False,0.07
26,P3_fatigue0,artifact,ESCALATE,0,0.0,200,False,0.07
27,P3_fatigue0,artifact,ESCALATE,0,0.0,200,False,0.07
28,P3_fatigue0,artifact,ESCALATE,0,0.0,200,False,0.07
29,P3_fatigue0,artifact,ESCALATE,0,0.0,200,False,0.07
30,P3_fatigue0,hyperventilation,ESCALATE,0,0.0,200,False,0.07
31,P3_fatigue0,artifact,ESCALATE,0,0.0,200,False,0.07
32,P3_fatigue0,artifact,ESCALATE,0,0.0,200,False,0.07
33,P3_fatigue0,artifact,ESCALATE,0,0.0,200,False,0.07
34,P3_fatigue0,hyperventilation,ESCALATE,0,0.0,200,False,0.07
35,P3_fatigue0,artifact,ESCALATE,0,0.0,200,False,0.07
36,P3_fatigue0,hyperventilation,ESCALATE,0,0.0,200,False,0.07
37,P3_fatigue0,artifact,ESCALATE,0,0.0,200,False,0.07
38,P3_fatigue0,artifact,ESCALATE,0,0.0,200,False,0.07
39,P3_fatigue0,hyperventilation,ESCALATE,0,0.0,200,False,0.07
40,P3_fatigue0,hyperventilation,ESCALATE,0,0.0,200,False,0.07
41,P3_fatigue0,artifact,ESCALATE,0,0.0,200,False,0.07
42,P3_fatigue0,artifact,ESCALATE,0,0.0,200,False,0.07
43,P3_fatigue0,hyperventilation,ESCALATE,0,0.0,200,False,0.07
44,P3_fatigue0,hyperventilation,ESCALATE,0,0.0,200,False,0.07
45,P3_fatigue0,artifact,ESCALATE,0,0.0,200,False,0.07
46,P3_fatigue0,artifact,ESCALATE,0,0.0,200,False,0.07
47,P3_fatigue0,artifact,ESCALATE,0,0.0,200,False,0.07
48,P3_fatigue0,artifact,ESCALATE,0,0.0,200,False,0.07
49,P3_fatigue0,hyperventilation,ESCALATE,0,0.0,200,False,0.07
50,P3_fatigue0,artifact,ESCALATE,0,0.0,200,False,0.07
51,P3_fatigue0,hyperventilation,ESCALATE,0,0.0,200,False,0.07
52,P3_fatigue0,hyperventilation,ESCALATE,0,0.0,200,False,0.07
53,P3_fatigue0,hyperventilation,ESCALATE,0,0.0,200,False,0.07
54,P3_fatigue0,hyperventilation,ESCALATE,0,0.0,200,False,0.07
55,P3_fatigue0,artifact,ESCALATE,0,0.0,200,False,0.07
56,P3_fatigue0,hyperventilation,ESCALATE,0,0.0,200,False,0.07
57,P3_fatigue0,hyperventilation,ESCALATE,0,0.0,200,False,0.07
58,P3_fatigue0,stemi,ESCALATE,0,0.0,0.0,True,0.07
59,P3_fatigue0,artifact,ESCALATE,0,0.0,200,False,0.07
60,P3_fatigue0,hyperventilation,ESCALATE,0,0.0,200,False,0.07
61,P3_fatigue0,artifact,ESCALATE,0,0.0,200,False,0.07
62,P3_fatigue0,hyperventilation,ESCALATE,0,0.0,200,False,0.07
63,P3_fatigue0,hyperventilation,ESCALATE,0,0.0,200,False,0.07
64,P3_fatigue0,hyperventilation,ESCALATE,0,0.0,200,False,0.07
65,P3_fatigue0,hyperventilation,ESCALATE,0,0.0,200,False,0.07
66,P3_fatigue0,hyperventilation,ESCALATE,0,0.0,200,False,0.07
67,P3_fatigue0,hyperventilation,ESCALATE,0,0.0,200,False,0.07
68,P3_fatigue0,hyperventilation,ESCALATE,0,0.0,200,False,0.07
69,P3_fatigue0,hyperventilation,ESCALATE,0,0.0,200,False,0.07
70,P3_fatigue0,hyperventilation,ESCALATE,0,0.0,200,False,0.07
71,P3_fatigue0,artifact,ESCALATE,0,0.0,200,False,0.07
72,P3_fatigue0,hyperventilation,ESCALATE,0,0.0,200,False,0.07
73,P3_fatigue0,artifact,ESCALATE,0,0.0,200,False,0.07
74,P3_fatigue0,artifact,ESCALATE,0,0.0,200,False,0.07
75,P3_fatigue0,stemi,ESCALATE,0,0.0,0.0,True,0.07
76,P3_fatigue0,hyperventilation,ESCALATE,0,0.0,200,False,0.07
77,P3_fatigue0,artifact,ESCALATE,0,0.0,200,False,0.07
78,P3_fatigue0,hyperventilation,ESCALATE,0,0.0,200,False,0.07
79,P3_fatigue0,artifact,ESCALATE,0,0.0,200,False,0.07
80,P3_fatigue0,artifact,ESCALATE,0,0.0,200,False,0.07
81,P3_fatigue0,artifact,ESCALATE,0,0.0,200,False,0.07
82,P3_fatigue0,hyperventilation,ESCALATE,0,0.0,200,False,0.07
83,P3_fatigue0,stemi,ESCALATE,0,0.0,0.0,True,0.07
84,P3_fatigue0,artifact,ESCALATE,0,0.0,200,False,0.07
85,P3_fatigue0,artifact,ESCALATE,0,0.0,200,False,0.07
86,P3_fatigue0,artifact,ESCALATE,0,0.0,200,False,0.07
87,P3_fatigue0,stemi,ESCALATE,0,0.0,0.0,True,0.07
88,P3_fatigue0,artifact,ESCALATE,0,0.0,200,False,0.07
89,P3_fatigue0,artifact,ESCALATE,0,0.0,200,False,0.07
90,P3_fatigue0,hyperventilation,ESCALATE,0,0.0,200,False,0.07
91,P3_fatigue0,artifact,ESCALATE,0,0.0,200,False,0.07
92,P3_fatigue0,artifact,ESCALATE,0,0.0,200,False,0.07
93,P3_fatigue0,artifact,ESCALATE,0,0.0,200,False,0.07
94,P3_fatigue0,artifact,ESCALATE,0,0.0,200,False,0.07
95,P3_fatigue0,hyperventilation,ESCALATE,0,0.0,200,False,0.07
96,P3_fatigue0,artifact,ESCALATE,0,0.0,200,False,0.07
97,P3_fatigue0,hyperventilation,ESCALATE,0,0.0,200,False,0.07
98,P3_fatigue0,artifact,ESCALATE,0,0.0,200,False,0.07
99,P3_fatigue0,hyperventilation,ESCALATE,0,0.0,200,False,0.07
100,P3_fatigue0,artifact,ESCALATE,0,0.0,200,False,0.07
101,P3_fatigue0,artifact,ESCALATE,0,0.0,200,False,0.07
102,P3_fatigue0,artifact,ESCALATE,0,0.0,200,False,0.07
103,P3_fatigue0,hyperventilation,ESCALATE,0,0.0,200,False,0.07
104,P3_fatigue0,hyperventilation,ESCALATE,0,0.0,200,False,0.07
105,P3_fatigue0,hyperventilation,ESCALATE,0,0.0,200,False,0.07
106,P3_fatigue0,artifact,ESCALATE,0,0.0,200,False,0.07
107,P3_fatigue0,hyperventilation,ESCALATE,0,0.0,200,False,0.07
108,P3_fatigue0,hyperventilation,ESCALATE,0,0.0,200,False,0.07
109,P3_fatigue0,hyperventilation,ESCALATE,0,0.0,200,False,0.07
110,P3_fatigue0,hyperventilation,ESCALATE,0,0.0,200,False,0.07
111,P3_fatigue0,artifact,ESCALATE,0,0.0,200,False,0.07
112,P3_fatigue0,artifact,ESCALATE,0,0.0,200,False,0.07
113,P3_fatigue0,hyperventilation,ESCALATE,0,0.0,200,False,0.07
114,P3_fatigue0,hyperventilation,ESCALATE,0,0.0,200,False,0.07
115,P3_fatigue0,hyperventilation,ESCALATE,0,0.0,200,False,0.07
116,P3_fatigue0,artifact,ESCALATE,0,0.0,200,False,0.07
117,P3_fatigue0,artifact,ESCALATE,0,0.0,200,False,0.07
118,P3_fatigue0,hyperventilation,ESCALATE,0,0.0,200,False,0.07
119,P3_fatigue0,hyperventilation,ESCALATE,0,0.0,200,False,0.07
120,P3_fatigue0,artifact,ESCALATE,0,0.0,200,False,0.07
121,P3_fatigue0,artifact,ESCALATE,0,0.0,200,False,0.07
122,P3_fatigue0,hyperventilation,ESCALATE,0,0.0,200,False,0.07
123,P3_fatigue0,artifact,ESCALATE,0,0.0,200,False,0.07
124,P3_fatigue0,artifact,ESCALATE,0,0.0,200,False,0.07
125,P3_fatigue0,hyperventilation,ESCALATE,0,0.0,200,False,0.07
126,P3_fatigue0,hyperventilation,ESCALATE,0,0.0,200,False,0.07
127,P3_fatigue0,artifact,ESCALATE,0,0.0,200,False,0.07
128,P3_fatigue0,hyperventilation,ESCALATE,0,0.0,200,False,0.07
129,P3_fatigue0,artifact,ESCALATE,0,0.0,200,False,0.07
130,P3_fatigue0,artifact,ESCALATE,0,0.0,200,False,0.07
131,P3_fatigue0,artifact,ESCALATE,0,0.0,200,False,0.07
132,P3_fatigue0,artifact,ESCALATE,0,0.0,200,False,0.07
133,P3_fatigue0,artifact,ESCALATE,0,0.0,200,False,0.07
134,P3_fatigue0,artifact,ESCALATE,0,0.0,200,False,0.07
135,P3_fatigue0,artifact,ESCALATE,0,0.0,200,False,0.07
136,P3_fatigue0,artifact,ESCALATE,0,0.0,200,False,0.07
137,P3_fatigue0,artifact,ESCALATE,0,0.0,200,False,0.07
138,P3_fatigue0,hyperventilation,ESCALATE,0,0.0,200,False,0.07
139,P3_fatigue0,artifact,ESCALATE,0,0.0,200,False,0.07
140,P3_fatigue0,artifact,ESCALATE,0,0.0,200,False,0.07
141,P3_fatigue0,artifact,ESCALATE,0,0.0,200,False,0.07
142,P3_fatigue0,hyperventilation,ESCALATE,0,0.0,200,False,0.07
143,P3_fatigue0,artifact,ESCALATE,0,0.0,200,False,0.07
144,P3_fatigue0,artifact,ESCALATE,0,0.0,200,False,0.07
145,P3_fatigue0,hyperventilation,ESCALATE,0,0.0,200,False,0.07
146,P3_fatigue0,artifact,ESCALATE,0,0.0,200,False,0.07
147,P3_fatigue0,artifact,ESCALATE,0,0.0,200,False,0.07
148,P3_fatigue0,hyperventilation,ESCALATE,0,0.0,200,False,0.07
149,P3_fatigue0,hyperventilation,ESCALATE,0,0.0,200,False,0.07
0,P3_entropy,artifact,ESCALATE,4,8.0,200,False,0.0019105846388995033
1,P3_entropy,hyperventilation,ESCALATE,4,8.0,200,False,0.0017398869073510224
2,P3_entropy,artifact,DISMISS,4,8.0,0.0,True,3.196390818139062e-05
3,P3_entropy,artifact,DISMISS,4,8.0,0.0,True,4.232049309420241e-05
4,P3_entropy,hyperventilation,ESCALATE,4,8.0,200,False,0.038929440389294405
5,P3_entropy,artifact,ESCALATE,4,8.0,200,False,0.0019105846388995033
6,P3_entropy,hyperventilation,ESCALATE,4,8.0,200,False,0.006299832660694952
7,P3_entropy,artifact,DISMISS,4,8.0,0.0,True,3.196390818139062e-05
8,P3_entropy,hyperventilation,ESCALATE,4,8.0,200,False,0.03655352480417755
9,P3_entropy,artifact,ESCALATE,4,8.0,200,False,0.0019105846388995033
10,P3_entropy,artifact,ESCALATE,4,8.0,200,False,0.0022935779816513763
11,P3_entropy,artifact,DISMISS,4,8.0,0.0,True,3.196390818139062e-05
12,P3_entropy,hyperventilation,ESCALATE,4,8.0,200,False,0.006299832660694952
13,P3_entropy,hyperventilation,ESCALATE,4,8.0,200,False,0.03655352480417755
14,P3_entropy,artifact,DISMISS,4,8.0,0.0,True,3.196390818139062e-05
15,P3_entropy,artifact,DISMISS,4,8.0,0.0,True,4.232049309420241e-05
16,P3_entropy,artifact,DISMISS,4,8.0,0.0,True,3.196390818139062e-05
17,P3_entropy,artifact,DISMISS,4,8.0,0.0,True,4.232049309420241e-05
18,P3_entropy,artifact,DISMISS,4,8.0,0.0,True,4.232049309420241e-05
19,P3_entropy,artifact,ESCALATE,4,8.0,200,False,0.0022935779816513763
20,P3_entropy,stemi,ESCALATE,4,8.0,0.0,True,0.07647661317855925
21,P3_entropy,artifact,DISMISS,4,8.0,0.0,True,3.196390818139062e-05
22,P3_entropy,hyperventilation,ESCALATE,4,8.0,200,False,0.44420941300899
23,P3_entropy,hyperventilation,ESCALATE,4,8.0,200,False,0.07647661317855925
24,P3_entropy,hyperventilation,ESCALATE,4,8.0,200,False,0.006299832660694952
25,P3_entropy,artifact,ESCALATE,4,8.0,200,False,0.06179196704428424
26,P3_entropy,artifact,ESCALATE,4,8.0,200,False,0.03655352480417755
27,P3_entropy,artifact,ESCALATE,4,8.0,200,False,0.0024630541871921187
28,P3_entropy,artifact,DISMISS,4,8.0,0.0,True,3.196390818139062e-05
29,P3_entropy,artifact,DISMISS,4,8.0,0.0,True,4.232049309420241e-05
30,P3_entropy,hyperventilation,ESCALATE,4,8.0,200,False,0.006299832660694952
31,P3_entropy,artifact,DISMISS,4,8.0,0.0,True,4.232049309420241e-05
32,P3_entropy,artifact,ESCALATE,4,8.0,200,False,0.0022935779816513763
33,P3_entropy,artifact,DISMISS,4,8.0,0.0,True,4.232049309420241e-05
34,P3_entropy,hyperventilation,ESCALATE,4,8.0,200,False,0.006299832660694952
35,P3_entropy,artifact,ESCALATE,4,8.0,200,False,0.0019105846388995033
36,P3_entropy,hyperventilation,ESCALATE,4,8.0,200,False,0.006299832660694952
37,P3_entropy,artifact,DISMISS,4,8.0,0.0,True,3.196390818139062e-05
38,P3_entropy,artifact,ESCALATE,4,8.0,200,False,0.0022935779816513763
39,P3_entropy,hyperventilation,ESCALATE,4,8.0,200,False,0.0017398869073510224
40,P3_entropy,hyperventilation,ESCALATE,4,8.0,200,False,0.006299832660694952
41,P3_entropy,artifact,DISMISS,4,8.0,0.0,True,3.196390818139062e-05
42,P3_entropy,artifact,DISMISS,4,8.0,0.0,True,3.196390818139062e-05
43,P3_entropy,hyperventilation,ESCALATE,4,8.0,200,False,0.006299832660694952
44,P3_entropy,hyperventilation,ESCALATE,4,8.0,200,False,0.006299832660694952
45,P3_entropy,artifact,DISMISS,4,8.0,0.0,True,3.196390818139062e-05
46,P3_entropy,artifact,DISMISS,4,8.0,0.0,True,4.232049309420241e-05
47,P3_entropy,artifact,DISMISS,4,8.0,0.0,True,3.196390818139062e-05
48,P3_entropy,artifact,ESCALATE,4,8.0,200,False,0.0017398869073510224
49,P3_entropy,hyperventilation,ESCALATE,4,8.0,200,False,0.07647661317855925
50,P3_entropy,artifact,DISMISS,4,8.0,0.0,True,3.196390818139062e-05
51,P3_entropy,hyperventilation,ESCALATE,4,8.0,200,False,0.10263929618768328
52,P3_entropy,hyperventilation,ESCALATE,4,8.0,200,False,0.006299832660694952
53,P3_entropy,hyperventilation,ESCALATE,4,8.0,200,False,0.006299832660694952
54,P3_entropy,hyperventilation,ESCALATE,4,8.0,200,False,0.07647661317855925
55,P3_entropy,artifact,ESCALATE,4,8.0,200,False,0.0019105846388995033
56,P3_entropy,hyperventilation,ESCALATE,4,8.0,200,False,0.07647661317855925
57,P3_entropy,hyperventilation,ESCALATE,4,8.0,200,False,0.0017398869073510224
58,P3_entropy,stemi,ESCALATE,4,8.0,0.0,True,0.44420941300899
59,P3_entropy,artifact,DISMISS,4,8.0,0.0,True,3.196390818139062e-05
60,P3_entropy,hyperventilation,ESCALATE,4,8.0,200,False,0.006299832660694952
61,P3_entropy,artifact,DISMISS,4,8.0,0.0,True,3.196390818139062e-05
62,P3_entropy,hyperventilation,ESCALATE,4,8.0,200,False,0.03655352480417755
63,P3_entropy,hyperventilation,ESCALATE,4,8.0,200,False,0.038929440389294405
64,P3_entropy,hyperventilation,ESCALATE,4,8.0,200,False,0.006299832660694952
65,P3_entropy,hyperventilation,ESCALATE,4,8.0,200,False,0.07647661317855925
66,P3_entropy,hyperventilation,ESCALATE,4,8.0,200,False,0.07647661317855925
67,P3_entropy,hyperventilation,ESCALATE,4,8.0,200,False,0.07647661317855925
68,P3_entropy,hyperventilation,ESCALATE,4,8.0,200,False,0.03655352480417755
69,P3_entropy,hyperventilation,ESCALATE,4,8.0,200,False,0.0017398869073510224
70,P3_entropy,hyperventilation,ESCALATE,4,8.0,200,False,0.038929440389294405
71,P3_entropy,artifact,DISMISS,4,8.0,0.0,True,3.196390818139062e-05
72,P3_entropy,hyperventilation,ESCALATE,4,8.0,200,False,0.07647661317855925
73,P3_entropy,artifact,DISMISS,4,8.0,0.0,True,3.196390818139062e-05
74,P3_entropy,artifact,DISMISS,4,8.0,0.0,True,3.196390818139062e-05
75,P3_entropy,stemi,ESCALATE,4,8.0,0.0,True,0.44420941300899
76,P3_entropy,hyperventilation,ESCALATE,4,8.0,200,False,0.07647661317855925
77,P3_entropy,artifact,ESCALATE,4,8.0,200,False,0.0022935779816513763
78,P3_entropy,hyperventilation,ESCALATE,4,8.0,200,False,0.0017398869073510224
79,P3_entropy,artifact,DISMISS,4,8.0,0.0,True,3.196390818139062e-05
80,P3_entropy,artifact,DISMISS,4,8.0,0.0,True,3.196390818139062e-05
81,P3_entropy,artifact,ESCALATE,4,8.0,200,False,0.0019105846388995033
82,P3_entropy,hyperventilation,ESCALATE,4,8.0,200,False,0.006299832660694952
83,P3_entropy,stemi,ESCALATE,4,8.0,0.0,True,0.07647661317855925
84,P3_entropy,artifact,DISMISS,4,8.0,0.0,True,3.196390818139062e-05
85,P3_entropy,artifact,DISMISS,4,8.0,0.0,True,3.196390818139062e-05
86,P3_entropy,artifact,ESCALATE,4,8.0,200,False,0.0022935779816513763
87,P3_entropy,stemi,ESCALATE,4,8.0,0.0,True,0.44420941300899
88,P3_entropy,artifact,ESCALATE,4,8.0,200,False,0.0022935779816513763
89,P3_entropy,artifact,DISMISS,4,8.0,0.0,True,3.196390818139062e-05
90,P3_entropy,hyperventilation,ESCALATE,4,8.0,200,False,0.006299832660694952
91,P3_entropy,artifact,DISMISS,4,8.0,0.0,True,4.232049309420241e-05
92,P3_entropy,artifact,DISMISS,4,8.0,0.0,True,3.196390818139062e-05
93,P3_entropy,artifact,DISMISS,4,8.0,0.0,True,4.232049309420241e-05
94,P3_entropy,artifact,DISMISS,4,8.0,0.0,True,3.196390818139062e-05
95,P3_entropy,hyperventilation,ESCALATE,4,8.0,200,False,0.006299832660694952
96,P3_entropy,artifact,ESCALATE,4,8.0,200,False,0.0019105846388995033
97,P3_entropy,hyperventilation,ESCALATE,4,8.0,200,False,0.006299832660694952
98,P3_entropy,artifact,DISMISS,4,8.0,0.0,True,3.196390818139062e-05
99,P3_entropy,hyperventilation,ESCALATE,4,8.0,200,False,0.0017398869073510224
100,P3_entropy,artifact,ESCALATE,4,8.0,200,False,0.0024630541871921187
101,P3_entropy,artifact,DISMISS,4,8.0,0.0,True,3.196390818139062e-05
102,P3_entropy,artifact,DISMISS,4,8.0,0.0,True,3.196390818139062e-05
103,P3_entropy,hyperventilation,ESCALATE,4,8.0,200,False,0.0024630541871921187
104,P3_entropy,hyperventilation,ESCALATE,4,8.0,200,False,0.07647661317855925
105,P3_entropy,hyperventilation,DISMISS,4,8.0,0.0,True,4.232049309420241e-05
106,P3_entropy,artifact,DISMISS,4,8.0,0.0,True,3.196390818139062e-05
107,P3_entropy,hyperventilation,ESCALATE,4,8.0,200,False,0.07647661317855925
108,P3_entropy,hyperventilation,DISMISS,4,8.0,0.0,True,4.232049309420241e-05
109,P3_entropy,hyperventilation,ESCALATE,4,8.0,200,False,0.006299832660694952
110,P3_entropy,hyperventilation,ESCALATE,4,8.0,200,False,0.0017398869073510224
111,P3_entropy,artifact,ESCALATE,4,8.0,200,False,0.001138419629607042
112,P3_entropy,artifact,DISMISS,4,8.0,0.0,True,3.196390818139062e-05
113,P3_entropy,hyperventilation,ESCALATE,4,8.0,200,False,0.07647661317855925
114,P3_entropy,hyperventilation,ESCALATE,4,8.0,200,False,0.006299832660694952
115,P3_entropy,hyperventilation,ESCALATE,4,8.0,200,False,0.006299832660694952
116,P3_entropy,artifact,DISMISS,4,8.0,0.0,True,3.196390818139062e-05
117,P3_entropy,artifact,DISMISS,4,8.0,0.0,True,4.232049309420241e-05
118,P3_entropy,hyperventilation,ESCALATE,4,8.0,200,False,0.03655352480417755
119,P3_entropy,hyperventilation,DISMISS,4,8.0,0.0,True,3.196390818139062e-05
120,P3_entropy,artifact,DISMISS,4,8.0,0.0,True,3.196390818139062e-05
121,P3_entropy,artifact,DISMISS,4,8.0,0.0,True,4.232049309420241e-05
122,P3_entropy,hyperventilation,ESCALATE,4,8.0,200,False,0.07647661317855925
123,P3_entropy,artifact,DISMISS,4,8.0,0.0,True,4.232049309420241e-05
124,P3_entropy,artifact,DISMISS,4,8.0,0.0,True,3.196390818139062e-05
125,P3_entropy,hyperventilation,ESCALATE,4,8.0,200,False,0.03655352480417755
126,P3_entropy,hyperventilation,ESCALATE,4,8.0,200,False,0.0017398869073510224
127,P3_entropy,artifact,DISMISS,4,8.0,0.0,True,4.232049309420241e-05
128,P3_entropy,hyperventilation,ESCALATE,4,8.0,200,False,0.006299832660694952
129,P3_entropy,artifact,DISMISS,4,8.0,0.0,True,3.196390818139062e-05
130,P3_entropy,artifact,ESCALATE,4,8.0,200,False,0.06179196704428424
131,P3_entropy,artifact,ESCALATE,4,8.0,200,False,0.0024630541871921187
132,P3_entropy,artifact,ESCALATE,4,8.0,200,False,0.001138419629607042
133,P3_entropy,artifact,DISMISS,4,8.0,0.0,True,3.196390818139062e-05
134,P3_entropy,artifact,ESCALATE,4,8.0,200,False,0.001138419629607042
135,P3_entropy,artifact,ESCALATE,4,8.0,200,False,0.0013300162095725545
136,P3_entropy,artifact,DISMISS,4,8.0,0.0,True,4.232049309420241e-05
137,P3_entropy,artifact,DISMISS,4,8.0,0.0,True,3.196390818139062e-05
138,P3_entropy,hyperventilation,ESCALATE,4,8.0,200,False,0.006299832660694952
139,P3_entropy,artifact,ESCALATE,4,8.0,200,False,0.001138419629607042
140,P3_entropy,artifact,DISMISS,4,8.0,0.0,True,4.232049309420241e-05
141,P3_entropy,artifact,DISMISS,4,8.0,0.0,True,4.232049309420241e-05
142,P3_entropy,hyperventilation,ESCALATE,4,8.0,200,False,0.006299832660694952
143,P3_entropy,artifact,ESCALATE,4,8.0,200,False,0.0024630541871921187
144,P3_entropy,artifact,DISMISS,4,8.0,0.0,True,3.196390818139062e-05
145,P3_entropy,hyperventilation,DISMISS,4,8.0,0.0,True,4.232049309420241e-05
146,P3_entropy,artifact,ESCALATE,4,8.0,200,False,0.001138419629607042
147,P3_entropy,artifact,DISMISS,4,8.0,0.0,True,4.232049309420241e-05
148,P3_entropy,hyperventilation,ESCALATE,4,8.0,200,False,0.006299832660694952
149,P3_entropy,hyperventilation,ESCALATE,4,8.0,200,False,0.006299832660694952
0,P3_cost,artifact,ESCALATE,4,8.0,200,False,0.0019105846388995037
1,P3_cost,hyperventilation,ESCALATE,4,8.0,200,False,0.0017398869073510226
2,P3_cost,artifact,DISMISS,4,8.0,0.0,True,3.196390818139062e-05
3,P3_cost,artifact,DISMISS,4,8.0,0.0,True,4.232049309420241e-05
4,P3_cost,hyperventilation,ESCALATE,4,8.0,200,False,0.038929440389294405
5,P3_cost,artifact,ESCALATE,4,8.0,200,False,0.0019105846388995037
6,P3_cost,hyperventilation,ESCALATE,4,8.0,200,False,0.006299832660694951
7,P3_cost,artifact,DISMISS,4,8.0,0.0,True,3.196390818139062e-05
8,P3_cost,hyperventilation,ESCALATE,4,8.0,200,False,0.03655352480417755
9,P3_cost,artifact,ESCALATE,4,8.0,200,False,0.0019105846388995037
10,P3_cost,artifact,ESCALATE,4,8.0,200,False,0.0022935779816513767
11,P3_cost,artifact,DISMISS,4,8.0,0.0,True,3.196390818139062e-05
12,P3_cost,hyperventilation,ESCALATE,4,8.0,200,False,0.006299832660694951
13,P3_cost,hyperventilation,ESCALATE,4,8.0,200,False,0.03655352480417755
14,P3_cost,artifact,DISMISS,4,8.0,0.0,True,3.196390818139062e-05
15,P3_cost,artifact,DISMISS,4,8.0,0.0,True,4.232049309420241e-05
16,P3_cost,artifact,DISMISS,4,8.0,0.0,True,3.196390818139062e-05
17,P3_cost,artifact,DISMISS,4,8.0,0.0,True,4.232049309420241e-05
18,P3_cost,artifact,DISMISS,4,8.0,0.0,True,4.232049309420241e-05
19,P3_cost,artifact,ESCALATE,4,8.0,200,False,0.0022935779816513767
20,P3_cost,stemi,ESCALATE,4,8.0,0.0,True,0.07647661317855924
21,P3_cost,artifact,DISMISS,4,8.0,0.0,True,3.196390818139062e-05
22,P3_cost,hyperventilation,ESCALATE,4,8.0,200,False,0.4442094130089899
23,P3_cost,hyperventilation,ESCALATE,4,8.0,200,False,0.07647661317855924
24,P3_cost,hyperventilation,ESCALATE,4,8.0,200,False,0.006299832660694951
25,P3_cost,artifact,ESCALATE,4,8.0,200,False,0.061791967044284246
26,P3_cost,artifact,ESCALATE,4,8.0,200,False,0.03655352480417755
27,P3_cost,artifact,ESCALATE,4,8.0,200,False,0.0024630541871921187
28,P3_cost,artifact,DISMISS,4,8.0,0.0,True,3.196390818139062e-05
29,P3_cost,artifact,DISMISS,4,8.0,0.0,True,4.232049309420241e-05
30,P3_cost,hyperventilation,ESCALATE,4,8.0,200,False,0.006299832660694951
31,P3_cost,artifact,DISMISS,4,8.0,0.0,True,4.232049309420241e-05
32,P3_cost,artifact,ESCALATE,4,8.0,200,False,0.0022935779816513767
33,P3_cost,artifact,DISMISS,4,8.0,0.0,True,4.232049309420241e-05
34,P3_cost,hyperventilation,ESCALATE,4,8.0,200,False,0.006299832660694951
35,P3_cost,artifact,ESCALATE,4,8.0,200,False,0.0019105846388995037
36,P3_cost,hyperventilation,ESCALATE,4,8.0,200,False,0.006299832660694951
37,P3_cost,artifact,DISMISS,4,8.0,0.0,True,3.196390818139062e-05
38,P3_cost,artifact,ESCALATE,4,8.0,200,False,0.0022935779816513767
39,P3_cost,hyperventilation,ESCALATE,4,8.0,200,False,0.0017398869073510226
40,P3_cost,hyperventilation,ESCALATE,4,8.0,200,False,0.006299832660694951
41,P3_cost,artifact,DISMISS,4,8.0,0.0,True,3.196390818139062e-05
42,P3_cost,artifact,DISMISS,4,8.0,0.0,True,3.196390818139062e-05
43,P3_cost,hyperventilation,ESCALATE,4,8.0,200,False,0.006299832660694951
44,P3_cost,hyperventilation,ESCALATE,4,8.0,200,False,0.006299832660694951
45,P3_cost,artifact,DISMISS,4,8.0,0.0,True,3.196390818139062e-05
46,P3_cost,artifact,DISMISS,4,8.0,0.0,True,4.232049309420241e-05
47,P3_cost,artifact,DISMISS,4,8.0,0.0,True,3.196390818139062e-05
48,P3_cost,artifact,ESCALATE,4,8.0,200,False,0.0017398869073510226
49,P3_cost,hyperventilation,ESCALATE,4,8.0,200,False,0.07647661317855924
50,P3_cost,artifact,DISMISS,4,8.0,0.0,True,3.196390818139062e-05
51,P3_cost,hyperventilation,ESCALATE,4,8.0,200,False,0.10263929618768328
52,P3_cost,hyperventilation,ESCALATE,4,8.0,200,False,0.006299832660694951
53,P3_cost,hyperventilation,ESCALATE,4,8.0,200,False,0.006299832660694951
54,P3_cost,hyperventilation,ESCALATE,4,8.0,200,False,0.07647661317855924
55,P3_cost,artifact,ESCALATE,4,8.0,200,False,0.0019105846388995037
56,P3_cost,hyperventilation,ESCALATE,4,8.0,200,False,0.07647661317855924
57,P3_cost,hyperventilation,ESCALATE,4,8.0,200,False,0.0017398869073510226
58,P3_cost,stemi,ESCALATE,4,8.0,0.0,True,0.4442094130089899
59,P3_cost,artifact,DISMISS,4,8.0,0.0,True,3.196390818139062e-05
60,P3_cost,hyperventilation,ESCALATE,4,8.0,200,False,0.006299832660694951
61,P3_cost,artifact,DISMISS,4,8.0,0.0,True,3.196390818139062e-05
62,P3_cost,hyperventilation,ESCALATE,4,8.0,200,False,0.03655352480417755
63,P3_cost,hyperventilation,ESCALATE,4,8.0,200,False,0.038929440389294405
64,P3_cost,hyperventilation,ESCALATE,4,8.0,200,False,0.006299832660694951
65,P3_cost,hyperventilation,ESCALATE,4,8.0,200,False,0.07647661317855924
66,P3_cost,hyperventilation,ESCALATE,4,8.0,200,False,0.07647661317855924
67,P3_cost,hyperventilation,ESCALATE,4,8.0,200,False,0.07647661317855924
68,P3_cost,hyperventilation,ESCALATE,4,8.0,200,False,0.03655352480417755
69,P3_cost,hyperventilation,ESCALATE,4,8.0,200,False,0.0017398869073510226
70,P3_cost,hyperventilation,ESCALATE,4,8.0,200,False,0.038929440389294405
71,P3_cost,artifact,DISMISS,4,8.0,0.0,True,3.196390818139062e-05
72,P3_cost,hyperventilation,ESCALATE,4,8.0,200,False,0.07647661317855924
73,P3_cost,artifact,DISMISS,4,8.0,0.0,True,3.196390818139062e-05
74,P3_cost,artifact,DISMISS,4,8.0,0.0,True,3.196390818139062e-05
75,P3_cost,stemi,ESCALATE,4,8.0,0.0,True,0.4442094130089899
76,P3_cost,hyperventilation,ESCALATE,4,8.0,200,False,0.07647661317855924
77,P3_cost,artifact,ESCALATE,4,8.0,200,False,0.0022935779816513767
78,P3_cost,hyperventilation,ESCALATE,4,8.0,200,False,0.0017398869073510226
79,P3_cost,artifact,DISMISS,4,8.0,0.0,True,3.196390818139062e-05
80,P3_cost,artifact,DISMISS,4,8.0,0.0,True,3.196390818139062e-05
81,P3_cost,artifact,ESCALATE,4,8.0,200,False,0.0019105846388995037
82,P3_cost,hyperventilation,ESCALATE,4,8.0,200,False,0.006299832660694951
83,P3_cost,stemi,ESCALATE,4,8.0,0.0,True,0.07647661317855924
84,P3_cost,artifact,DISMISS,4,8.0,0.0,True,3.196390818139062e-05
85,P3_cost,artifact,DISMISS,4,8.0,0.0,True,3.196390818139062e-05
86,P3_cost,artifact,ESCALATE,4,8.0,200,False,0.0022935779816513767
87,P3_cost,stemi,ESCALATE,4,8.0,0.0,True,0.4442094130089899
88,P3_cost,artifact,ESCALATE,4,8.0,200,False,0.0022935779816513767
89,P3_cost,artifact,DISMISS,4,8.0,0.0,True,3.196390818139062e-05
90,P3_cost,hyperventilation,ESCALATE,4,8.0,200,False,0.006299832660694951
91,P3_cost,artifact,DISMISS,4,8.0,0.0,True,4.232049309420241e-05
92,P3_cost,artifact,DISMISS,4,8.0,0.0,True,3.196390818139062e-05
93,P3_cost,artifact,DISMISS,4,8.0,0.0,True,4.232049309420241e-05
94,P3_cost,artifact,DISMISS,4,8.0,0.0,True,3.196390818139062e-05
95,P3_cost,hyperventilation,ESCALATE,4,8.0,200,False,0.006299832660694951
96,P3_cost,artifact,ESCALATE,4,8.0,200,False,0.0019105846388995037
97,P3_cost,hyperventilation,ESCALATE,4,8.0,200,False,0.006299832660694951
98,P3_cost,artifact,DISMISS,4,8.0,0.0,True,3.196390818139062e-05
99,P3_cost,hyperventilation,ESCALATE,4,8.0,200,False,0.0017398869073510226
100,P3_cost,artifact,ESCALATE,4,8.0,200,False,0.0024630541871921187
101,P3_cost,artifact,DISMISS,4,8.0,0.0,True,3.196390818139062e-05
102,P3_cost,artifact,DISMISS,4,8.0,0.0,True,3.196390818139062e-05
103,P3_cost,hyperventilation,ESCALATE,4,8.0,200,False,0.0024630541871921187
104,P3_cost,hyperventilation,ESCALATE,4,8.0,200,False,0.07647661317855924
105,P3_cost,hyperventilation,DISMISS,4,8.0,0.0,True,4.232049309420241e-05
106,P3_cost,artifact,DISMISS,4,8.0,0.0,True,3.196390818139062e-05
107,P3_cost,hyperventilation,ESCALATE,4,8.0,200,False,0.07647661317855924
108,P3_cost,hyperventilation,DISMISS,4,8.0,0.0,True,4.232049309420241e-05
109,P3_cost,hyperventilation,ESCALATE,4,8.0,200,False,0.006299832660694951
110,P3_cost,hyperventilation,ESCALATE,4,8.0,200,False,0.0017398869073510226
111,P3_cost,artifact,ESCALATE,4,8.0,200,False,0.001138419629607042
112,P3_cost,artifact,DISMISS,4,8.0,0.0,True,3.196390818139062e-05
113,P3_cost,hyperventilation,ESCALATE,4,8.0,200,False,0.07647661317855924
114,P3_cost,hyperventilation,ESCALATE,4,8.0,200,False,0.006299832660694951
115,P3_cost,hyperventilation,ESCALATE,4,8.0,200,False,0.006299832660694951
116,P3_cost,artifact,DISMISS,4,8.0,0.0,True,3.196390818139062e-05
117,P3_cost,artifact,DISMISS,4,8.0,0.0,True,4.232049309420241e-05
118,P3_cost,hyperventilation,ESCALATE,4,8.0,200,False,0.03655352480417755
119,P3_cost,hyperventilation,DISMISS,4,8.0,0.0,True,3.196390818139062e-05
120,P3_cost,artifact,DISMISS,4,8.0,0.0,True,3.196390818139062e-05
121,P3_cost,artifact,DISMISS,4,8.0,0.0,True,4.232049309420241e-05
122,P3_cost,hyperventilation,ESCALATE,4,8.0,200,False,0.07647661317855924
123,P3_cost,artifact,DISMISS,4,8.0,0.0,True,4.232049309420241e-05
124,P3_cost,artifact,DISMISS,4,8.0,0.0,True,3.196390818139062e-05
125,P3_cost,hyperventilation,ESCALATE,4,8.0,200,False,0.03655352480417755
126,P3_cost,hyperventilation,ESCALATE,4,8.0,200,False,0.0017398869073510226
127,P3_cost,artifact,DISMISS,4,8.0,0.0,True,4.232049309420241e-05
128,P3_cost,hyperventilation,ESCALATE,4,8.0,200,False,0.006299832660694951
129,P3_cost,artifact,DISMISS,4,8.0,0.0,True,3.196390818139062e-05
130,P3_cost,artifact,ESCALATE,4,8.0,200,False,0.061791967044284246
131,P3_cost,artifact,ESCALATE,4,8.0,200,False,0.0024630541871921187
132,P3_cost,artifact,ESCALATE,4,8.0,200,False,0.001138419629607042
133,P3_cost,artifact,DISMISS,4,8.0,0.0,True,3.196390818139062e-05
134,P3_cost,artifact,ESCALATE,4,8.0,200,False,0.001138419629607042
135,P3_cost,artifact,ESCALATE,4,8.0,200,False,0.0013300162095725545
136,P3_cost,artifact,DISMISS,4,8.0,0.0,True,4.232049309420241e-05
137,P3_cost,artifact,DISMISS,4,8.0,0.0,True,3.196390818139062e-05
138,P3_cost,hyperventilation,ESCALATE,4,8.0,200,False,0.006299832660694951
139,P3_cost,artifact,ESCALATE,4,8.0,200,False,0.001138419629607042
140,P3_cost,artifact,DISMISS,4,8.0,0.0,True,4.232049309420241e-05
141,P3_cost,artifact,DISMISS,4,8.0,0.0,True,4.232049309420241e-05
142,P3_cost,hyperventilation,ESCALATE,4,8.0,200,False,0.006299832660694951
143,P3_cost,artifact,ESCALATE,4,8.0,200,False,0.0024630541871921187
144,P3_cost,artifact,DISMISS,4,8.0,0.0,True,3.196390818139062e-05
145,P3_cost,hyperventilation,DISMISS,4,8.0,0.0,True,4.232049309420241e-05
146,P3_cost,artifact,ESCALATE,4,8.0,200,False,0.001138419629607042
147,P3_cost,artifact,DISMISS,4,8.0,0.0,True,4.232049309420241e-05
148,P3_cost,hyperventilation,ESCALATE,4,8.0,200,False,0.006299832660694951
149,P3_cost,hyperventilation,ESCALATE,4,8.0,200,False,0.006299832660694951
